id,lat,long,zipcode,season,sell_suggest,profit
1823069155,47.4845,-122.08,98027,Spring,578476.8,78883.20000000007
9828700900,47.6205,-122.294,98112,Spring,658800.0,120780.0
1446403305,47.4882,-122.325,98168,Spring,247200.0,45320.0
1777600230,47.5694,-122.132,98006,Spring,671000.0,91500.0
9477001280,47.7357,-122.193,98034,Spring,467500.00000000006,63750.00000000006
6146600185,47.3877,-122.234,98032,Spring,208000.0,48000.0
1900600040,47.4692,-122.35,98166,Spring,318000.0,58300.0
2522059112,47.3614,-122.119,98042,Spring,273350.0,37275.0
5450900140,47.5562,-122.22,98040,Spring,996000.0,182600.0
2652500070,47.6423,-122.361,98119,Spring,826800.0,190800.0
1254200075,47.6802,-122.388,98117,Spring,506000.00000000006,69000.00000000006
4427100025,47.7276,-122.312,98125,Spring,310500.0,48600.0
5393601050,47.5834,-122.307,98144,Spring,511749.99999999994,80099.99999999994
7942600975,47.6054,-122.314,98122,Spring,580750.0,90900.0
6822100155,47.6493,-122.401,98199,Spring,724500.0,113400.0
5347200160,47.5188,-122.376,98126,Spring,270250.0,42300.0
2968801240,47.4565,-122.35,98166,Spring,253200.0,46420.0
5111400086,47.4235,-122.051,98038,Spring,121000.00000000001,16500.000000000015
5482700100,47.5665,-122.229,98040,Spring,1051980.0,192863.0
4024101395,47.7596,-122.304,98155,Spring,407000.00000000006,55500.00000000006
8805400090,47.494,-122.165,98056,Spring,332350.0,52020.0
514500090,47.5877,-122.157,98005,Spring,715000.0,165000.0
418000310,47.4924,-122.175,98056,Spring,178250.0,27900.0
5458800125,47.5786,-122.236,98040,Spring,1110000.0,203500.0
8651441750,47.3636,-122.093,98042,Spring,192445.00000000003,26242.50000000003
2473400570,47.4528,-122.163,98058,Spring,348700.0,47550.0
1545801970,47.3594,-122.054,98038,Spring,275000.0,37500.0
7304300570,47.7416,-122.32,98155,Spring,403150.00000000006,54975.00000000006
2767600171,47.6757,-122.385,98107,Spring,528000.0,96800.0
9268200600,47.6959,-122.364,98117,Spring,454850.00000000006,62025.00000000006
1431700370,47.4599,-122.172,98058,Spring,319000.0,43500.0
2796100160,47.4081,-122.178,98031,Spring,300000.0,55000.0
1138000250,47.7141,-122.213,98034,Spring,385000.00000000006,52500.00000000006
3424069066,47.5172,-122.027,98027,Spring,436095.00000000006,59467.50000000006
2372800050,47.201,-121.999,98022,Spring,264000.0,48400.0
2623069031,47.4564,-122.004,98027,Spring,596750.0,81375.0
3797000035,47.6867,-122.345,98103,Spring,473000.00000000006,64500.00000000006
9407001340,47.4456,-121.773,98045,Spring,384000.0,70400.0
9407001320,47.4462,-121.773,98045,Spring,354000.0,64900.0
4102000075,47.2653,-121.91,98022,Spring,330000.0,60500.0
6414100133,47.7207,-122.32,98125,Spring,387549.99999999994,60659.99999999994
6071200455,47.5531,-122.181,98006,Spring,605000.0,82500.0
303000445,47.327,-122.267,98001,Spring,201249.99999999997,31499.99999999997
9221400600,47.674,-122.319,98115,Spring,508200.00000000006,69300.00000000006
5437820310,47.1951,-122.001,98022,Spring,261600.0,47960.0
9407001860,47.4487,-121.772,98045,Spring,446400.0,81840.0
2979800845,47.6846,-122.317,98115,Spring,551100.0,75150.0
5126400230,47.4763,-122.177,98058,Spring,218900.00000000003,29850.00000000003
1074100110,47.7708,-122.335,98133,Spring,390830.00000000006,53295.00000000006
6671900095,47.7412,-122.343,98133,Spring,344300.0,46950.0
1235700042,47.6973,-122.194,98033,Spring,590700.0,80550.0
6822100030,47.6496,-122.403,98199,Spring,677350.0,106020.0
3584000180,47.3182,-122.319,98003,Spring,304080.0,55748.0
8099900260,47.5816,-122.0,98075,Spring,626175.0,98010.0
7116500125,47.3025,-122.224,98002,Spring,245700.0,56700.0
7549802600,47.55,-122.312,98108,Spring,435500.0,100500.0
3211100240,47.4801,-122.158,98059,Spring,383900.00000000006,52350.00000000006
3888100029,47.688,-122.168,98033,Spring,522830.00000000006,71295.00000000006
1775801090,47.7415,-122.096,98072,Spring,558000.0,102300.0
2207200635,47.6023,-122.132,98007,Summer,571740.0,131940.0
1370803820,47.6408,-122.403,98199,Summer,723350.0,113220.0
2258500049,47.609,-122.307,98122,Summer,539350.0,84420.0
6893300350,47.5242,-121.926,98024,Summer,571870.0,131970.0
1087900050,47.6616,-122.175,98033,Summer,616000.0,84000.0
8815400105,47.6743,-122.285,98115,Summer,550000.0,75000.0
4385700765,47.6374,-122.279,98112,Summer,1020000.0,187000.0
3188100400,47.69,-122.304,98115,Summer,583000.0,79500.0
323059208,47.5091,-122.144,98059,Summer,352000.0,48000.0
6413100311,47.7143,-122.32,98125,Summer,448499.99999999994,70199.99999999994
7224500010,47.4906,-122.204,98055,Summer,303600.0,55660.0
9266701085,47.6926,-122.346,98103,Summer,450945.00000000006,61492.50000000006
5459000240,47.5754,-122.233,98040,Summer,942000.0,172700.0
2473400340,47.4525,-122.162,98058,Summer,352000.0,48000.0
3995700325,47.7406,-122.302,98155,Summer,302500.0,41250.0
6067900060,47.5433,-122.185,98006,Summer,621500.0,84750.0
2771104010,47.6456,-122.383,98199,Summer,609498.85,95399.82
3735901600,47.687,-122.32,98115,Summer,478500.00000000006,65250.00000000006
6052401215,47.4039,-122.323,98198,Summer,306000.0,56100.0
1771100440,47.7566,-122.073,98077,Summer,468000.0,108000.0
1761300340,47.3947,-122.174,98031,Summer,302100.0,55385.0
1755700060,47.7458,-122.331,98133,Summer,373357.49999999994,20432.49999999994
421000185,47.4953,-122.169,98056,Summer,229999.99999999997,35999.99999999997
626100023,47.7201,-122.062,98077,Summer,780000.0,180000.0
9499200220,47.3089,-122.213,98002,Summer,241020.0,7020.0
7334500120,47.4648,-121.757,98045,Summer,288000.0,52800.0
3191000240,47.7146,-122.217,98034,Summer,440000.00000000006,60000.00000000006
7016100120,47.7382,-122.182,98011,Summer,572000.0,132000.0
1099600090,47.3004,-122.377,98023,Summer,225500.00000000003,30750.00000000003
3793700210,47.4818,-122.094,98059,Summer,328900.0,44850.0
6788201015,47.6408,-122.3,98112,Summer,828000.0,151800.0
5021900175,47.5763,-122.222,98040,Summer,600000.0,110000.0
4060000290,47.5002,-122.247,98178,Summer,303600.0,55660.0
5126400150,47.4768,-122.177,98058,Summer,263945.0,35992.5
5021900160,47.5768,-122.222,98040,Summer,853200.0,156420.0
6384500581,47.5688,-122.397,98116,Summer,638250.0,99900.0
259100110,47.7602,-122.363,98177,Summer,648000.0,118800.0
9353300140,47.4887,-122.133,98059,Summer,313445.0,42742.5
2916620240,47.3646,-122.076,98042,Summer,291445.0,39742.5
6163900971,47.7564,-122.316,98155,Summer,387695.00000000006,52867.50000000006
6072400280,47.5602,-122.176,98006,Summer,681835.0,92977.5
853000261,47.2053,-121.993,98022,Summer,237000.0,43450.0
1853200080,47.7119,-122.23,98034,Summer,385000.00000000006,52500.00000000006
3336001470,47.5255,-122.265,98118,Summer,342100.0,46650.0
3339900640,47.3184,-122.22,98002,Summer,260000.0,60000.0
1921059235,47.2898,-122.222,98002,Summer,279500.0,64500.0
7420200050,47.6908,-122.169,98033,Summer,685300.0,93450.0
1450100420,47.2891,-122.221,98002,Summer,266500.0,61500.0
1446404015,47.4878,-122.324,98168,Summer,240000.0,44000.0
6430500010,47.6872,-122.35,98103,Summer,601700.0,82050.0
2523069146,47.4511,-121.976,98027,Summer,384890.00000000006,52485.00000000006
6071700160,47.549,-122.173,98006,Summer,663850.0,90525.0
6163901751,47.7494,-122.319,98155,Summer,320650.0,43725.0
3797000330,47.6867,-122.349,98103,Summer,518101.10000000003,70650.15000000008
8122100905,47.5359,-122.372,98126,Summer,454249.99999999994,71099.99999999994
7104100050,47.5499,-122.394,98136,Summer,582000.0,106700.0
6071300030,47.5531,-122.177,98006,Summer,510950.00000000006,69675.00000000006
3298200320,47.62,-122.12,98008,Summer,511749.99999999994,80099.99999999994
2141310820,47.559,-122.136,98006,Summer,757900.0000000001,103350.00000000012
7518505070,47.6769,-122.383,98117,Summer,442200.00000000006,60300.00000000006
2464400340,47.6859,-122.322,98115,Summer,419650.00000000006,57225.00000000006
7335400020,47.3066,-122.217,98002,Summer,285350.0,65850.0
321049090,47.3424,-122.289,98001,Summer,292100.0,45720.0
2768301490,47.6655,-122.371,98107,Summer,482400.0,88440.0
3626500045,47.571,-122.227,98040,Summer,912000.0,167200.0
84000335,47.4851,-122.338,98146,Summer,270000.0,49500.0
7942100180,47.3828,-122.09,98042,Summer,253000.00000000003,34500.00000000003
7883608693,47.5269,-122.314,98108,Summer,248300.0,57300.0
626049091,47.7641,-122.341,98133,Summer,303050.0,41325.0
623069068,47.5081,-122.093,98027,Summer,467500.00000000006,63750.00000000006
2028701165,47.6764,-122.366,98117,Summer,473000.00000000006,64500.00000000006
2817100570,47.3714,-122.431,98070,Summer,588900.0,135900.0
3268000040,47.5234,-122.177,98056,Summer,390884.99999999994,61181.99999999994
8074200160,47.4922,-122.178,98056,Summer,304750.0,47700.0
4395600060,47.6132,-122.21,98004,Summer,1075250.0,168300.0
2768100040,47.6699,-122.369,98107,Summer,618000.0,113300.0
2856101479,47.6778,-122.389,98117,Summer,303600.0,41400.0
2516000486,47.6588,-122.362,98107,Summer,483000.0,88550.0
4389201021,47.6169,-122.212,98004,Summer,1166387.5,182565.0
3419600125,47.5276,-122.274,98118,Summer,269500.0,36750.0
2817800100,47.4286,-122.179,98058,Summer,361845.00000000006,49342.50000000006
1842300050,47.6696,-122.149,98052,Summer,660000.0,90000.0
7696300180,47.7306,-122.233,98034,Summer,451000.00000000006,61500.00000000006
191100045,47.5639,-122.217,98040,Summer,1128000.0,206800.0
425200145,47.4974,-122.169,98056,Summer,304750.0,47700.0
2174503441,47.5866,-122.25,98040,Summer,780000.0,143000.0
452001280,47.6755,-122.367,98107,Summer,635940.0,116589.0
3885805640,47.6821,-122.196,98033,Summer,687500.0,93750.0
4302200336,47.5256,-122.357,98106,Summer,345000.0,54000.0
9202000080,47.2864,-122.357,98023,Summer,236500.00000000003,32250.00000000003
3501600135,47.6933,-122.361,98117,Summer,481250.00000000006,65625.00000000006
952001765,47.5668,-122.384,98116,Summer,641700.0,100440.0
5016002180,47.6233,-122.3,98112,Summer,936000.0,171600.0
5667100025,47.72,-122.318,98125,Summer,465749.99999999994,72899.99999999994
8005100540,47.2077,-121.993,98022,Summer,258000.0,47300.0
1777600900,47.5678,-122.128,98006,Summer,781000.0000000001,106500.00000000012
123039424,47.5073,-122.372,98146,Summer,363600.0,66660.0
7454000605,47.5161,-122.374,98126,Summer,320850.0,50220.0
9476200580,47.4914,-122.186,98056,Summer,287500.0,45000.0
3570000160,47.593,-122.054,98075,Summer,701500.0,109800.0
722079104,47.4109,-121.958,98038,Summer,345400.0,47100.0
9542400010,47.5968,-122.174,98005,Summer,968500.0,223500.0
2473101360,47.4492,-122.157,98058,Summer,318890.0,43485.0
8092500720,47.3675,-122.11,98042,Summer,253000.00000000003,34500.00000000003
1997200245,47.6928,-122.339,98103,Summer,594000.0,81000.0
7227502155,47.4915,-122.184,98056,Summer,239199.99999999997,37439.99999999997
8026200080,47.5147,-122.193,98056,Summer,427799.99999999994,66959.99999999994
6882510020,47.5298,-122.28,98118,Summer,374000.00000000006,51000.00000000006
8651430780,47.3704,-122.08,98042,Summer,195800.00000000003,26700.00000000003
923059206,47.492,-122.166,98056,Summer,430099.99999999994,67319.99999999994
3110800260,47.4142,-122.179,98031,Summer,329640.0,60434.0
1454100056,47.7232,-122.289,98125,Summer,408249.99999999994,63899.99999999994
1180008315,47.492,-122.224,98178,Summer,254400.0,46640.0
2473250850,47.4562,-122.158,98058,Summer,350350.0,47775.0
8648200030,47.363,-122.08,98042,Summer,286000.0,39000.0
3353400860,47.267,-122.25,98001,Summer,287385.0,44982.0
2204500550,47.5729,-122.147,98006,Summer,467500.00000000006,63750.00000000006
428000150,47.5104,-122.171,98056,Summer,310442.5,48591.0
4463400195,47.3096,-122.241,98001,Summer,195499.99999999997,30599.99999999997
6819100150,47.6448,-122.358,98119,Summer,881289.5,203374.5
5602000105,47.2048,-121.999,98022,Summer,318000.0,58300.0
324000370,47.5719,-122.385,98116,Summer,577300.0,90360.0
726049184,47.7512,-122.34,98133,Summer,323400.0,44100.0
621069154,47.3423,-122.088,98042,Summer,248600.00000000003,33900.00000000003
421000500,47.4934,-122.166,98056,Summer,241494.24999999997,37799.09999999998
2212900920,47.3281,-122.135,98042,Summer,236500.00000000003,32250.00000000003
8581400015,47.297,-122.227,98002,Summer,246870.0,56970.0
8113101000,47.5486,-122.278,98118,Summer,369600.00000000006,50400.00000000006
3738900105,47.7359,-122.306,98155,Summer,385000.00000000006,52500.00000000006
5631500905,47.7477,-122.232,98028,Summer,327510.0,60043.5
5112800421,47.4517,-122.082,98058,Summer,248050.00000000003,33825.00000000003
3363400655,47.6809,-122.351,98103,Summer,603900.0,82350.0
7905200230,47.571,-122.391,98116,Summer,379499.99999999994,59399.99999999994
7518507330,47.6765,-122.386,98117,Summer,589171.0,80341.5
203900610,47.6384,-121.969,98053,Summer,389849.99999999994,61019.99999999994
8944300010,47.3054,-122.369,98023,Summer,253000.00000000003,34500.00000000003
7562100065,47.5276,-122.273,98118,Summer,286000.0,39000.0
8651430220,47.3702,-122.078,98042,Summer,201300.00000000003,27450.00000000003
1922059401,47.3834,-122.215,98030,Summer,330000.0,60500.0
3262301355,47.6304,-122.234,98039,Summer,1716000.0,396000.0
3521059042,47.2716,-122.144,98092,Summer,293825.0,45990.0
3438501150,47.5483,-122.36,98106,Summer,345000.0,54000.0
9324800110,47.7336,-122.29,98125,Summer,482999.99999999994,75599.99999999994
1124000050,47.7181,-122.371,98177,Summer,553200.0,101420.0
6381500065,47.7326,-122.307,98125,Summer,432974.99999999994,67769.99999999994
629000704,47.5849,-122.198,98004,Summer,1150000.0,180000.0
414100630,47.7479,-122.343,98133,Summer,368500.00000000006,50250.00000000006
1397300120,47.7508,-122.352,98133,Summer,400950.00000000006,54675.00000000006
6072500050,47.5456,-122.179,98006,Summer,616000.0,84000.0
7229100040,47.4495,-122.17,98058,Summer,330000.0,45000.0
6073200075,47.5724,-122.179,98006,Summer,687500.0,93750.0
9353300090,47.4898,-122.133,98059,Summer,396000.00000000006,54000.00000000006
2129700142,47.7242,-121.951,98019,Summer,261300.0,60300.0
3348401622,47.5003,-122.269,98178,Summer,267600.0,49060.0
8651441210,47.3651,-122.094,98042,Summer,253000.00000000003,34500.00000000003
8045000340,47.6688,-122.161,98052,Summer,621500.0,84750.0
3908100020,47.6827,-122.289,98115,Summer,594000.0,81000.0
3303230110,47.7271,-122.196,98034,Summer,466400.00000000006,63600.00000000006
5231000060,47.5015,-122.124,98059,Summer,341000.0,46500.0
6669000070,47.6273,-122.194,98004,Summer,1150000.0,180000.0
6457000080,47.4007,-122.198,98031,Summer,323880.0,59378.0
259800680,47.629,-122.117,98008,Summer,614100.0,96120.0
3856905010,47.6692,-122.325,98105,Summer,678000.0,124300.0
2202500110,47.5732,-122.136,98006,Summer,473000.00000000006,64500.00000000006
2492200956,47.5338,-122.381,98126,Summer,413999.99999999994,64799.99999999994
5706200370,47.5246,-122.044,98027,Summer,605000.0,82500.0
6072000910,47.5479,-122.179,98006,Summer,528000.0,72000.0
8651402910,47.3627,-122.087,98042,Summer,193600.00000000003,26400.00000000003
3343901242,47.5091,-122.19,98056,Summer,385249.99999999994,60299.99999999994
396100025,47.7461,-122.332,98133,Summer,373998.9,50999.850000000035
3332500265,47.5496,-122.279,98118,Summer,342100.0,46650.0
3797000300,47.6868,-122.349,98103,Summer,445500.00000000006,60750.00000000006
809002435,47.6372,-122.352,98109,Summer,942500.0,217500.0
4058801065,47.5031,-122.242,98178,Summer,326400.0,59840.0
4024101434,47.7601,-122.307,98155,Summer,349800.0,47700.0
418000330,47.4924,-122.174,98056,Summer,229942.49999999997,35990.99999999997
2220069196,47.2063,-122.023,98022,Summer,304200.0,55770.0
5307100280,47.5849,-122.169,98005,Summer,884000.0,204000.0
2128000180,47.6976,-122.169,98033,Summer,660000.0,90000.0
7452500285,47.5195,-122.374,98126,Summer,322000.0,50400.0
2658000215,47.5298,-122.271,98118,Summer,227700.00000000003,31050.00000000003
1865810060,47.3737,-122.115,98042,Summer,294250.0,40125.0
3500100015,47.7366,-122.302,98155,Summer,360250.0,49125.0
8562800250,47.5599,-122.142,98006,Summer,655600.0,89400.0
2436701180,47.667,-122.289,98105,Summer,805800.0,147730.0
9547205225,47.6821,-122.31,98115,Summer,594000.0,81000.0
2128000050,47.697,-122.169,98033,Summer,687500.0,93750.0
8712100720,47.6378,-122.301,98112,Summer,942000.0,172700.0
2551500220,47.4332,-122.446,98070,Summer,429000.0,99000.0
7454000030,47.5172,-122.375,98126,Summer,287500.0,45000.0
3222079136,47.3492,-121.935,98010,Summer,276900.0,63900.0
9170500060,47.693,-122.168,98033,Summer,713900.0,97350.0
3438501662,47.5456,-122.359,98106,Summer,310500.0,48600.0
5706500140,47.2113,-121.992,98022,Summer,246600.0,45210.0
3226059071,47.7006,-122.197,98033,Summer,468600.00000000006,63900.00000000006
3388000040,47.3943,-122.196,98031,Summer,312000.0,57200.0
4338800685,47.4791,-122.347,98166,Summer,359998.8,65999.77999999997
2330000035,47.6118,-122.169,98005,Summer,923000.0,213000.0
1771110090,47.7567,-122.073,98077,Summer,410800.0,94800.0
4151800470,47.6652,-122.202,98033,Summer,742500.0000000001,101250.00000000012
3362400615,47.682,-122.348,98103,Summer,440000.00000000006,60000.00000000006
2420069268,47.2064,-121.988,98022,Summer,221880.0,40678.0
2968800626,47.4589,-122.353,98166,Summer,426000.0,78100.0
3902310210,47.6909,-122.186,98033,Summer,671000.0,91500.0
6882510060,47.5303,-122.28,98118,Summer,401500.00000000006,54750.00000000006
2880100240,47.6789,-122.365,98117,Summer,483945.00000000006,65992.50000000006
7319900345,47.5772,-122.307,98144,Summer,504274.99999999994,78929.99999999994
2313900560,47.573,-122.383,98116,Summer,637100.0,99720.0
5602000275,47.2056,-121.999,98022,Summer,311940.0,57189.0
6413600285,47.7192,-122.32,98125,Summer,462299.99999999994,72359.99999999994
9818700455,47.6048,-122.298,98122,Summer,595700.0,93240.0
1545806720,47.3676,-122.046,98038,Summer,280445.0,38242.5
8021701115,47.6913,-122.333,98103,Summer,603900.0,82350.0
7230300100,47.4703,-122.112,98059,Summer,352000.0,48000.0
179000100,47.4927,-122.28,98168,Summer,208800.0,38280.0
2144800146,47.4865,-122.238,98178,Summer,309000.0,56650.0
420000085,47.4927,-122.169,98056,Summer,273700.0,42840.0
8068000585,47.5071,-122.265,98178,Summer,282000.0,51700.0
9268200315,47.6964,-122.365,98117,Summer,501600.00000000006,68400.00000000006
8712100575,47.6364,-122.3,98112,Summer,1098000.0,201300.0
7338401230,47.5332,-122.29,98118,Summer,313500.0,42750.0
643300010,47.5683,-122.178,98006,Summer,401500.00000000006,54750.00000000006
1172000150,47.6946,-122.357,98103,Summer,261800.00000000003,35700.00000000003
2968801605,47.4571,-122.345,98166,Fall,342000.0,62700.0
824059083,47.5892,-122.203,98004,Fall,1141950.0,178740.0
984100340,47.4351,-122.173,98058,Fall,325600.0,44400.0
6788200360,47.6412,-122.302,98112,Fall,872400.0,159940.0
6623400193,47.4299,-122.199,98055,Fall,308400.0,56540.0
1066600045,47.5233,-122.185,98056,Fall,402499.99999999994,62999.99999999994
7304300470,47.7444,-122.321,98155,Fall,412500.00000000006,56250.00000000006
1236300307,47.6863,-122.189,98033,Fall,621500.0,84750.0
2126049032,47.7231,-122.301,98125,Fall,431249.99999999994,67499.99999999994
3298700125,47.5232,-122.354,98106,Fall,322000.0,50400.0
1626069220,47.7361,-122.046,98077,Fall,730600.0,168600.0
5469300330,47.374,-122.141,98042,Fall,302500.0,41250.0
1931300425,47.6543,-122.347,98103,Fall,592900.0,80850.0
1568100220,47.7351,-122.295,98155,Fall,385000.00000000006,52500.00000000006
7452500770,47.5201,-122.372,98126,Fall,307625.0,48150.0
9541800075,47.5919,-122.175,98005,Fall,891345.0,205695.0
9477100060,47.7321,-122.195,98034,Fall,490545.00000000006,66892.50000000006
7227500450,47.4979,-122.183,98056,Fall,256334.99999999997,40121.99999999997
1274500420,47.3627,-122.108,98042,Fall,257400.00000000003,35100.00000000003
7942100290,47.3816,-122.087,98042,Fall,218900.00000000003,29850.00000000003
1626069178,47.7409,-122.052,98077,Fall,695500.0,160500.0
5229300027,47.4978,-122.115,98059,Fall,302500.0,41250.0
6600400370,47.3248,-122.142,98042,Fall,236500.00000000003,32250.00000000003
42000006,47.4702,-122.281,98168,Fall,282000.0,51700.0
3388300730,47.4936,-122.069,98027,Fall,605426.8,82558.20000000007
1545802850,47.359,-122.05,98038,Fall,314600.0,42900.0
8024201210,47.6988,-122.313,98115,Fall,605000.0,82500.0
1081330210,47.469,-122.121,98059,Fall,451000.00000000006,61500.00000000006
8805900570,47.6419,-122.306,98112,Fall,969600.0,177760.0
1024069037,47.5821,-122.016,98075,Fall,603750.0,94500.0
8856890330,47.463,-122.125,98058,Fall,330000.0,45000.0
2206700295,47.5637,-122.139,98006,Fall,498300.00000000006,67950.00000000006
2141300620,47.5582,-122.139,98006,Fall,605000.0,82500.0
5315100806,47.5833,-122.242,98040,Fall,1128000.0,206800.0
5169700022,47.5089,-122.155,98059,Fall,368445.00000000006,50242.50000000006
1217000270,47.4557,-122.348,98166,Fall,406794.0,74578.90000000002
2589300065,47.5362,-122.271,98118,Fall,362890.00000000006,49485.00000000006
419000015,47.492,-122.172,98056,Fall,344942.5,53991.0
7229900285,47.4837,-122.11,98059,Fall,429000.00000000006,58500.00000000006
222029026,47.4285,-122.511,98070,Fall,442000.0,102000.0
5547500050,47.3815,-122.09,98042,Fall,280500.0,38250.0
7227801580,47.5072,-122.181,98056,Fall,266800.0,41760.0
4232903265,47.6333,-122.362,98119,Fall,799435.0,184485.0
8005100025,47.2052,-121.987,98022,Fall,234000.0,42900.0
6884800262,47.6873,-122.314,98115,Fall,588500.0,80250.0
8651400580,47.3608,-122.083,98042,Fall,214500.00000000003,29250.00000000003
114100297,47.7769,-122.25,98028,Fall,480000.0,88000.0
5710600030,47.5328,-122.051,98027,Fall,550000.0,75000.0
7279300070,47.7612,-122.362,98177,Fall,414600.0,76010.0
1024069063,47.5832,-122.02,98075,Fall,713000.0,111600.0
3353401710,47.2613,-122.255,98001,Fall,262142.49999999997,41030.99999999997
1001200050,47.433,-122.292,98188,Fall,336700.0,77700.0
7454000990,47.5151,-122.372,98126,Fall,350692.5,54891.0
2919702075,47.6886,-122.361,98117,Fall,585750.0,79875.0
2372800100,47.2012,-122.0,98022,Fall,294000.0,53900.0
8651411070,47.3686,-122.081,98042,Fall,198000.00000000003,27000.00000000003
2420069242,47.2088,-121.992,98022,Fall,210000.0,38500.0
3750603940,47.2633,-122.281,98001,Fall,276000.0,43200.0
1623049145,47.4885,-122.298,98168,Fall,252000.0,46200.0
3424069145,47.5271,-122.036,98027,Fall,377300.00000000006,51450.00000000006
1311000600,47.3426,-122.285,98001,Fall,287500.0,45000.0
6072400820,47.5569,-122.176,98006,Fall,577500.0,78750.0
4222310680,47.3463,-122.308,98003,Fall,288000.0,52800.0
322059264,47.4206,-122.155,98042,Fall,306900.0,41850.0
8562901010,47.6082,-122.057,98074,Fall,555500.0,75750.0
1523059103,47.4833,-122.157,98059,Fall,429000.00000000006,58500.00000000006
3331001165,47.5514,-122.284,98118,Fall,335500.0,45750.0
2516000475,47.6585,-122.363,98107,Fall,546000.0,100100.0
1175001135,47.6712,-122.393,98107,Fall,508800.0,93280.0
2787720170,47.512,-122.16,98059,Fall,434500.00000000006,59250.00000000006
2356800020,47.6914,-122.372,98117,Fall,457600.00000000006,62400.00000000006
7276100145,47.7619,-122.343,98133,Fall,379445.00000000006,51742.50000000006
7789000080,47.5112,-122.167,98056,Fall,291990.75,45702.899999999994
3971700940,47.772,-122.322,98155,Fall,363000.00000000006,49500.00000000006
2436700540,47.6659,-122.287,98105,Fall,798000.0,146300.0
9818700430,47.6051,-122.298,98122,Fall,484724.99999999994,75869.99999999994
8550001515,47.3551,-122.475,98070,Fall,558469.6,128877.59999999998
3449000060,47.5022,-122.145,98059,Fall,352000.0,48000.0
4279900140,47.5008,-122.257,98178,Fall,301200.0,55220.0
3211000190,47.4806,-122.163,98059,Fall,341000.0,46500.0
3699100130,47.7001,-122.2,98033,Fall,544500.0,74250.0
9211500230,47.2989,-122.38,98023,Fall,289300.0,39450.0
7129303180,47.5181,-122.257,98118,Fall,341000.0,46500.0
425200205,47.4971,-122.168,98056,Fall,189749.99999999997,29699.99999999997
5029450290,47.29,-122.368,98023,Fall,253000.00000000003,34500.00000000003
2769602710,47.6752,-122.361,98107,Fall,621540.0,113949.0
2887701251,47.688,-122.308,98115,Fall,432080.00000000006,58920.00000000006
3387900390,47.3969,-122.198,98031,Fall,306000.0,56100.0
3818700016,47.7647,-122.263,98028,Fall,520800.0,95480.0
1568100215,47.7352,-122.295,98155,Fall,346500.0,47250.0
424500100,47.4959,-122.172,98056,Fall,218384.99999999997,34181.99999999997
7518503685,47.6765,-122.381,98117,Fall,442200.00000000006,60300.00000000006
6813600365,47.6889,-122.33,98103,Fall,580745.0,79192.5
2824059128,47.5421,-122.172,98006,Fall,561000.0,76500.0
4039400410,47.606,-122.135,98007,Fall,682500.0,157500.0
2024059059,47.5538,-122.191,98006,Fall,762300.0000000001,103950.00000000012
2206700070,47.567,-122.139,98006,Fall,478500.00000000006,65250.00000000006
9266700256,47.6939,-122.348,98103,Fall,517000.00000000006,70500.00000000006
6664000130,47.5904,-122.194,98004,Fall,730537.5,114345.0
3013301525,47.5286,-122.383,98136,Fall,544200.0,99770.0
1218000025,47.4625,-122.345,98166,Fall,295200.0,54120.0
339600190,47.6826,-122.096,98052,Fall,462000.00000000006,63000.00000000006
2436700315,47.6665,-122.287,98105,Fall,529800.0,97130.0
3759500006,47.6988,-122.202,98033,Fall,671000.0,91500.0
5104200380,47.4772,-122.144,98059,Fall,291500.0,39750.0
1061500510,47.5017,-122.165,98056,Fall,402499.99999999994,62999.99999999994
7011201470,47.6364,-122.371,98119,Fall,812500.0,187500.0
4435000490,47.4538,-122.288,98188,Fall,323700.0,74700.0
7227501450,47.4946,-122.187,98056,Fall,276000.0,43200.0
5365200040,47.4815,-122.226,98055,Fall,282000.0,51700.0
5561000430,47.4612,-121.992,98027,Fall,517000.00000000006,70500.00000000006
7955040160,47.6644,-122.144,98052,Fall,544500.0,74250.0
3626039207,47.7049,-122.359,98177,Fall,627000.0,114950.0
8651443420,47.366,-122.093,98042,Fall,308000.0,42000.0
9222400565,47.6741,-122.323,98115,Fall,521400.00000000006,71100.00000000006
6072100140,47.545,-122.171,98006,Fall,550000.0,75000.0
321049193,47.3413,-122.29,98001,Fall,247249.99999999997,38699.99999999997
7010701383,47.6599,-122.396,98199,Fall,781999.9999999999,122399.99999999988
6385000025,47.5713,-122.397,98116,Fall,599667.5,93861.0
3362900696,47.6838,-122.352,98103,Fall,456500.00000000006,62250.00000000006
1320069249,47.2163,-121.984,98022,Fall,231000.0,42350.0
1432701510,47.45,-122.175,98058,Fall,273900.0,37350.0
3389900800,47.5628,-122.391,98116,Fall,454249.99999999994,71099.99999999994
6746700565,47.6684,-122.316,98105,Fall,536400.0,98340.0
2372800145,47.2005,-121.999,98022,Fall,263940.0,48389.0
8651441620,47.364,-122.094,98042,Fall,231000.00000000003,31500.00000000003
8122100160,47.5377,-122.376,98126,Fall,442749.99999999994,69299.99999999994
8802400896,47.4025,-122.201,98031,Fall,245994.0,45098.899999999994
3904910050,47.5688,-122.019,98029,Fall,592250.0,92700.0
925059219,47.6651,-122.174,98033,Fall,730400.0000000001,99600.00000000012
8857600220,47.3864,-122.287,98032,Fall,232050.0,53550.0
5112800210,47.4509,-122.088,98058,Fall,281545.0,38392.5
1951800580,47.5403,-122.168,98006,Fall,649000.0,88500.0
4137020820,47.2595,-122.218,98092,Fall,308200.0,48240.0
7424600020,47.6856,-122.168,98033,Fall,682000.0,93000.0
2123039032,47.4683,-122.438,98070,Fall,480870.0,110970.0
8581400450,47.297,-122.225,98002,Fall,207993.5,47998.5
844001140,47.3106,-121.999,98010,Fall,267800.0,61800.0
5279100675,47.5321,-122.029,98027,Fall,344300.0,46950.0
8651402700,47.3613,-122.088,98042,Fall,223245.00000000003,30442.50000000003
8651400750,47.3625,-122.084,98042,Fall,230945.00000000003,31492.50000000003
3692900010,47.6783,-122.298,98115,Fall,489500.00000000006,66750.00000000006
3342102385,47.5215,-122.202,98056,Fall,432399.99999999994,67679.99999999994
5561401530,47.4718,-122.009,98027,Fall,605000.0,82500.0
6204200590,47.7336,-122.202,98011,Fall,533000.0,123000.0
8827900560,47.6717,-122.295,98105,Fall,786000.0,144100.0
6822100310,47.6495,-122.401,98199,Fall,787749.9999999999,123299.99999999988
2569600150,47.3604,-122.111,98042,Fall,258500.00000000003,35250.00000000003
1202000200,47.3048,-122.218,98002,Fall,302900.0,69900.0
2599001200,47.2909,-122.189,98092,Fall,350750.0,54900.0
322059097,47.4193,-122.149,98042,Fall,296890.0,40485.0
9512501370,47.6707,-122.149,98052,Fall,598730.0,81645.0
3438501020,47.5499,-122.36,98106,Fall,354775.0,55530.0
8651443360,47.3638,-122.088,98042,Fall,215270.00000000003,29355.00000000003
7305300090,47.7557,-122.328,98155,Fall,371800.00000000006,50700.00000000006
646500070,47.5941,-122.142,98007,Fall,546000.0,126000.0
422000010,47.4964,-122.168,98056,Fall,344942.5,53991.0
3644100072,47.5918,-122.295,98144,Fall,281750.0,44100.0
8029200190,47.2094,-121.996,98022,Fall,272400.0,49940.0
7227500740,47.496,-122.186,98056,Fall,249549.99999999997,39059.99999999997
1250201194,47.5976,-122.295,98144,Fall,516349.99999999994,80819.99999999994
1003600080,47.4396,-122.285,98188,Fall,318500.0,73500.0
3575302880,47.6205,-122.063,98074,Fall,373230.00000000006,50895.00000000006
3876820140,47.74,-122.173,98072,Fall,447600.0,82060.0
8100000090,47.3126,-122.023,98010,Fall,332800.0,76800.0
513000445,47.5758,-122.382,98116,Fall,638192.5,99891.0
7504180070,47.619,-122.054,98074,Fall,634700.0,86550.0
3589500260,47.6699,-122.317,98105,Fall,660000.0,121000.0
6082400260,47.4832,-122.299,98168,Fall,277800.0,50930.0
8651410190,47.3648,-122.081,98042,Fall,197945.00000000003,26992.50000000003
2113701080,47.5296,-122.351,98106,Fall,345000.0,54000.0
2600110560,47.5515,-122.153,98006,Fall,825000.0000000001,112500.00000000012
3977630270,47.3174,-122.127,98092,Fall,238038.49999999997,37258.19999999998
952002765,47.5654,-122.384,98116,Fall,529000.0,82800.0
6163901380,47.755,-122.316,98155,Fall,268400.0,36600.0
8718500075,47.7403,-122.256,98028,Fall,475200.0,87120.0
411100020,47.7407,-122.327,98155,Fall,341000.0,46500.0
3900500110,47.6727,-122.174,98033,Fall,689700.0,94050.0
1423600300,47.4553,-122.174,98058,Fall,274945.0,37492.5
3031200120,47.5372,-122.289,98118,Fall,280500.0,38250.0
1929300415,47.6428,-122.348,98109,Fall,923000.0,213000.0
5595900210,47.205,-121.995,98022,Fall,234000.0,42900.0
9477000650,47.7351,-122.189,98034,Fall,436700.00000000006,59550.00000000006
2231800020,47.7685,-122.332,98133,Fall,402600.00000000006,54900.00000000006
3253500160,47.5747,-122.304,98144,Fall,365268.75,57172.5
3205000310,47.5407,-122.177,98056,Fall,396749.99999999994,62099.99999999994
3622069050,47.3531,-121.982,98010,Fall,276437.2,63793.20000000001
5095401360,47.4694,-122.069,98059,Fall,459800.00000000006,62700.00000000006
4139660040,47.5501,-122.128,98006,Fall,836000.0000000001,114000.00000000012
4396000180,47.3991,-121.964,98038,Fall,294250.0,40125.0
5244801275,47.6436,-122.352,98109,Fall,533650.0,123150.0
3644100073,47.5918,-122.295,98144,Fall,281750.0,44100.0
2695600195,47.5314,-122.378,98126,Fall,436424.99999999994,68309.99999999994
1535204365,47.4193,-122.444,98070,Fall,556400.0,128400.0
1483300430,47.588,-122.251,98040,Fall,664800.0,121880.0
8651410670,47.3665,-122.082,98042,Fall,208945.00000000003,28492.50000000003
3797000680,47.6857,-122.349,98103,Fall,603900.0,82350.0
7116000425,47.303,-122.217,98002,Fall,195000.0,45000.0
1796380060,47.3658,-122.085,98042,Winter,278300.0,37950.0
3303700376,47.6221,-122.314,98112,Winter,800400.0,146740.0
3039000050,47.7024,-122.198,98033,Winter,632500.0,86250.0
7304300430,47.7429,-122.321,98155,Winter,400400.00000000006,54600.00000000006
7129300420,47.5111,-122.256,98178,Winter,309600.0,56760.0
2123700100,47.5271,-122.274,98118,Winter,388300.00000000006,52950.00000000006
3860900111,47.5945,-122.201,98004,Winter,799249.9999999999,125099.99999999988
1917300260,47.2105,-121.989,98022,Winter,252000.0,46200.0
3363900111,47.68,-122.353,98103,Winter,481250.00000000006,65625.00000000006
6072760670,47.563,-122.178,98006,Winter,717695.0,97867.5
8018600980,47.4939,-122.318,98168,Winter,224700.0,41195.0
2211700290,47.565,-122.116,98006,Winter,591800.0,80700.0
1568100225,47.7349,-122.295,98155,Winter,377300.00000000006,51450.00000000006
5029450850,47.2873,-122.367,98023,Winter,225500.00000000003,30750.00000000003
6163901381,47.7548,-122.316,98155,Winter,324500.0,44250.0
6072100490,47.5448,-122.174,98006,Winter,580250.0,79125.0
7579200715,47.5586,-122.383,98116,Winter,459999.99999999994,71999.99999999994
5460900120,47.5749,-122.213,98040,Winter,1187880.0,217778.0
8835200330,47.723,-122.162,98034,Winter,439945.00000000006,59992.50000000006
8822900115,47.7175,-122.292,98125,Winter,351900.0,55080.0
3904100220,47.5317,-122.276,98118,Winter,303600.0,41400.0
6600400270,47.3244,-122.144,98042,Winter,222200.00000000003,30300.00000000003
6163901061,47.7538,-122.322,98155,Winter,361900.00000000006,49350.00000000006
9550202700,47.6681,-122.324,98105,Winter,552000.0,101200.0
3021059155,47.2811,-122.214,98002,Winter,209950.0,48450.0
7454001120,47.5122,-122.374,98146,Winter,343140.0,62909.0
824059277,47.582,-122.194,98004,Winter,1132750.0,177300.0
7129302185,47.5149,-122.257,98118,Winter,319000.0,43500.0
3352402236,47.498,-122.263,98178,Winter,303000.0,55550.0
8096600100,47.7675,-122.226,98011,Winter,591500.0,136500.0
6671900130,47.74,-122.343,98133,Winter,407000.00000000006,55500.00000000006
1088020070,47.6678,-122.182,98033,Winter,709500.0,96750.0
7229900145,47.4821,-122.108,98059,Winter,473000.00000000006,64500.00000000006
1090000075,47.5319,-122.391,98136,Winter,471600.0,86460.0
1332700010,47.5184,-122.196,98056,Winter,350750.0,54900.0
3222069156,47.3437,-122.078,98042,Winter,297000.0,40500.0
1761300850,47.3967,-122.174,98031,Winter,325200.0,59620.0
9278200095,47.5751,-122.393,98116,Winter,534750.0,83700.0
7335400065,47.307,-122.217,98002,Winter,236848.5,6898.5
323049148,47.5162,-122.274,98118,Winter,350900.0,47850.0
1049010050,47.7381,-122.179,98034,Winter,424710.00000000006,57915.00000000006
9550204450,47.6662,-122.326,98105,Winter,781200.0,143220.0
6131600255,47.323,-122.216,98002,Winter,263250.0,60750.0
1928300350,47.6714,-122.32,98105,Winter,684000.0,125400.0
1387301360,47.7367,-122.195,98011,Winter,535340.0,123540.0
844000425,47.3091,-122.006,98010,Winter,259998.7,59999.70000000001
2618300190,47.422,-122.153,98042,Winter,280500.0,38250.0
1441300130,47.3714,-122.054,98038,Winter,350900.0,47850.0
2212900180,47.3266,-122.138,98042,Winter,242000.00000000003,33000.00000000003
3500100226,47.734,-122.301,98155,Winter,374984.50000000006,51134.25000000006
7527200030,47.5896,-122.083,98075,Winter,804999.9999999999,125999.99999999988
7518502490,47.6801,-122.38,98117,Winter,566500.0,77250.0
8651411460,47.3683,-122.079,98042,Winter,235400.00000000003,32100.00000000003
7752000065,47.6345,-122.123,98008,Winter,617550.0,96660.0
6885900415,47.7427,-122.34,98133,Winter,319000.0,43500.0
2204500480,47.572,-122.147,98006,Winter,606210.0,82665.0
1081310060,47.4721,-122.123,98059,Winter,412500.00000000006,56250.00000000006
7129304225,47.5183,-122.266,98118,Winter,335500.0,45750.0
2064800600,47.5351,-122.174,98056,Winter,422624.99999999994,66149.99999999994
4364200015,47.5318,-122.374,98126,Winter,385249.99999999994,60299.99999999994
2787700180,47.5066,-122.159,98059,Winter,352000.0,48000.0
6672900220,47.5528,-122.221,98040,Winter,1180800.0,216480.0
3530410020,47.3794,-122.32,98198,Winter,318000.0,58300.0
2787700060,47.5067,-122.163,98059,Winter,462000.00000000006,63000.00000000006
1430800100,47.4713,-122.355,98166,Winter,427200.0,78320.0
1355000220,47.4135,-122.18,98031,Winter,291600.0,53460.0
5379805460,47.4488,-122.275,98188,Winter,318500.0,73500.0
1922059010,47.3857,-122.215,98030,Winter,168000.0,30800.0
312000295,47.5569,-122.394,98136,Winter,480000.0,88000.0
8091600080,47.2051,-122.006,98022,Winter,270000.0,49500.0
7942200050,47.3833,-122.093,98042,Winter,287100.0,39150.0
7809200035,47.4972,-122.176,98056,Winter,333500.0,52200.0
1186000150,47.6157,-122.291,98122,Winter,647737.5,101385.0
7227500020,47.4958,-122.191,98056,Winter,298942.5,46791.0
6303400520,47.5073,-122.36,98146,Winter,318000.0,58300.0
421069081,47.3326,-122.046,98010,Winter,438100.0,101100.0
7942100310,47.3811,-122.087,98042,Winter,255200.00000000003,34800.00000000003
9476200545,47.4919,-122.187,98056,Winter,310500.0,48600.0
1796360350,47.3663,-122.089,98042,Winter,280500.0,38250.0
8651443480,47.3659,-122.092,98042,Winter,310200.0,42300.0
3344500183,47.511,-122.197,98056,Winter,431249.99999999994,67499.99999999994
6071000310,47.56,-122.181,98006,Winter,684200.0,93300.0
4389200761,47.6155,-122.21,98004,Winter,1265000.0,198000.0
6743700015,47.6955,-122.175,98033,Winter,432080.00000000006,58920.00000000006
9144300120,47.7619,-122.162,98072,Winter,449400.0,82390.0
5595900316,47.205,-121.996,98022,Winter,277200.0,50820.0
4337600005,47.4811,-122.339,98166,Winter,183600.0,33660.0
7710100083,47.2093,-122.0,98022,Winter,270000.0,49500.0
3298300130,47.6214,-122.119,98008,Winter,546140.75,85482.90000000002
1250201130,47.5972,-122.296,98144,Winter,471499.99999999994,73799.99999999994
3644100030,47.5917,-122.296,98144,Winter,497374.99999999994,77849.99999999994
325059126,47.6893,-122.164,98033,Winter,621500.0,84750.0
7148200040,47.4413,-122.277,98188,Winter,224900.0,51900.0
9150100020,47.3006,-122.223,98002,Winter,245700.0,56700.0
7905400160,47.3068,-122.27,98001,Winter,283935.0,44442.0
8092700230,47.3659,-122.113,98042,Winter,274945.0,37492.5
3211101010,47.4807,-122.157,98059,Winter,351450.0,47925.0
424500035,47.4959,-122.174,98056,Winter,287500.0,45000.0
2821049082,47.2791,-122.3,98003,Winter,270000.0,49500.0
3353401340,47.2664,-122.256,98001,Winter,229884.99999999997,35981.99999999997
629000410,47.5862,-122.202,98004,Winter,1052250.0,164700.0
415100085,47.7451,-122.339,98133,Winter,385000.00000000006,52500.00000000006
1777600210,47.5698,-122.132,98006,Winter,649000.0,88500.0
1545807990,47.3583,-122.056,98038,Winter,346500.0,47250.0
4036100175,47.5606,-122.184,98006,Winter,757900.0000000001,103350.00000000012
7889600080,47.4933,-122.338,98146,Winter,249600.0,45760.0
8651410740,47.3677,-122.078,98042,Winter,207900.00000000003,28350.00000000003
3705900124,47.7617,-122.335,98133,Winter,332200.0,45300.0
6018500120,47.2008,-121.995,98022,Winter,252000.0,46200.0
185000118,47.495,-122.266,98178,Winter,254400.0,46640.0
1545803340,47.3609,-122.05,98038,Winter,295900.0,40350.0
3330500925,47.5518,-122.277,98118,Winter,284135.5,38745.75
7230200340,47.475,-122.11,98059,Winter,335500.0,45750.0
8653600050,47.6144,-122.067,98074,Winter,629200.0,85800.0
2420069251,47.2082,-121.995,98022,Winter,314400.0,57640.0
6181700250,47.7598,-122.255,98028,Winter,420000.0,77000.0
5602000025,47.206,-121.998,98022,Winter,301200.0,55220.0
1423700680,47.4559,-122.183,98058,Winter,209000.00000000003,28500.00000000003
2354300740,47.5286,-122.032,98027,Spring,606100.0,82650.0
8651430870,47.3695,-122.081,98042,Spring,194700.00000000003,26550.00000000003
5101402435,47.6942,-122.304,98115,Spring,592900.0,80850.0
3750605349,47.2622,-122.282,98001,Spring,242074.99999999997,37889.99999999997
7129302615,47.5157,-122.256,98118,Spring,321200.0,43800.0
2201500680,47.5718,-122.136,98006,Spring,551100.0,75150.0
8651411420,47.3684,-122.08,98042,Spring,239800.00000000003,32700.00000000003
7524600120,47.3197,-122.117,98092,Spring,287500.0,45000.0
1432400525,47.4518,-122.179,98058,Spring,214500.00000000003,29250.00000000003
9476200020,47.4905,-122.191,98056,Spring,292100.0,45720.0
3738000070,47.6176,-122.223,98039,Spring,2226575.0,513825.0
9842300485,47.5285,-122.378,98126,Spring,436999.99999999994,68399.99999999994
1824059079,47.5705,-122.225,98040,Spring,1056000.0,193600.0
7231502505,47.4759,-122.208,98055,Spring,264000.0,48400.0
2024059084,47.5515,-122.189,98006,Spring,687500.0,93750.0
3343903640,47.5133,-122.196,98056,Spring,286350.0,44820.0
1862400087,47.6966,-122.375,98117,Spring,522500.00000000006,71250.00000000006
7788400065,47.5124,-122.165,98056,Spring,364550.0,57060.0
6067910030,47.5427,-122.181,98006,Spring,730400.0000000001,99600.00000000012
6821102100,47.6493,-122.398,98199,Spring,586500.0,91800.0
3275750290,47.6233,-122.108,98008,Spring,552000.0,86400.0
5595900280,47.2046,-121.996,98022,Spring,282000.0,51700.0
2787700630,47.5078,-122.161,98059,Spring,438900.00000000006,59850.00000000006
2872100385,47.6826,-122.394,98117,Spring,506000.00000000006,69000.00000000006
3450300020,47.5009,-122.164,98059,Spring,361900.00000000006,49350.00000000006
418000415,47.4927,-122.172,98056,Spring,219649.99999999997,34379.99999999997
9476700135,47.4883,-122.191,98056,Spring,345000.0,54000.0
8651430210,47.3701,-122.078,98042,Spring,238700.00000000003,32550.00000000003
686900030,47.6354,-122.196,98004,Spring,1149942.5,179991.0
1972201161,47.654,-122.35,98103,Spring,478500.00000000006,65250.00000000006
7227501765,47.494,-122.184,98056,Spring,304750.0,47700.0
5212000020,47.6999,-122.2,98033,Spring,693110.0,94515.0
3903200050,47.2874,-122.187,98092,Spring,303542.5,47511.0
2420069017,47.2107,-121.99,98022,Spring,183480.0,33638.0
1432400335,47.452,-122.177,98058,Spring,316800.0,43200.0
2320069206,47.2092,-121.997,98022,Spring,262800.0,48180.0
1697000370,47.3731,-122.312,98198,Spring,280800.0,51480.0
7227501745,47.4937,-122.184,98056,Spring,423199.99999999994,66239.99999999994
3977630130,47.3156,-122.128,98092,Spring,168245.0,26334.0
243000380,47.4536,-122.355,98166,Spring,438000.0,80300.0
2922701085,47.6887,-122.368,98117,Spring,597300.0,81450.0
9346910500,47.5627,-122.137,98006,Spring,770000.0000000001,105000.00000000012
2594200375,47.5142,-122.389,98136,Spring,513000.0,94050.0
9828700235,47.6204,-122.292,98112,Spring,802800.0,147180.0
2205700180,47.5754,-122.15,98006,Spring,599500.0,81750.0
4449800063,47.6892,-122.393,98117,Spring,478500.00000000006,65250.00000000006
7230300610,47.4695,-122.116,98059,Spring,387750.00000000006,52875.00000000006
1545808560,47.3592,-122.046,98038,Spring,269500.0,36750.0
3450300270,47.5008,-122.162,98059,Spring,294800.0,40200.0
5021900779,47.5753,-122.224,98040,Spring,942000.0,172700.0
7454000875,47.5151,-122.372,98126,Spring,343850.0,53820.0
1432900150,47.4567,-122.171,98058,Spring,352000.0,48000.0
428000055,47.5121,-122.17,98056,Spring,370875.0,58050.0
795000820,47.5033,-122.329,98168,Spring,264000.0,48400.0
2787720140,47.5124,-122.16,98059,Spring,457600.00000000006,62400.00000000006
3575301550,47.6175,-122.065,98074,Spring,616000.0,84000.0
4443800960,47.6871,-122.391,98117,Spring,572000.0,78000.0
3686900025,47.3769,-122.234,98032,Spring,323700.0,74700.0
5459000305,47.5767,-122.233,98040,Spring,778502.4,142725.44000000006
4443800940,47.687,-122.391,98117,Spring,533500.0,72750.0
3343901848,47.5068,-122.191,98056,Spring,360065.0,56358.0
7749500160,47.2966,-122.19,98092,Spring,252999.99999999997,39599.99999999997
1431700280,47.4602,-122.171,98058,Spring,341000.0,46500.0
6821100090,47.6567,-122.399,98199,Spring,641470.0,100404.0
2141320230,47.5584,-122.137,98006,Spring,781000.0000000001,106500.00000000012
1645000710,47.2098,-122.004,98022,Spring,306000.0,56100.0
395800370,47.3313,-122.343,98023,Spring,271260.0,36990.0
2051200506,47.365,-122.462,98070,Spring,507000.0,117000.0
585000008,47.5828,-122.395,98116,Spring,529000.0,82800.0
6073200020,47.5728,-122.179,98006,Spring,533500.0,72750.0
922069139,47.407,-122.045,98038,Spring,286000.0,39000.0
8813400345,47.6645,-122.288,98105,Spring,690000.0,126500.0
9476200650,47.4915,-122.188,98056,Spring,281750.0,44100.0
1311000270,47.3398,-122.286,98001,Spring,284050.0,44460.0
323059146,47.5031,-122.152,98059,Spring,377300.00000000006,51450.00000000006
920069052,47.2411,-122.043,98022,Spring,292740.0,53669.0
6668900005,47.7492,-122.311,98155,Spring,292600.0,39900.0
7907600100,47.5011,-122.336,98146,Spring,345000.0,63250.0
2206700215,47.566,-122.14,98006,Spring,605000.0,82500.0
1871400585,47.2848,-121.927,98022,Spring,192000.0,35200.0
2787700150,47.5067,-122.16,98059,Spring,401500.00000000006,54750.00000000006
5451210100,47.5351,-122.223,98040,Spring,1125600.0,206360.0
3276180140,47.5087,-122.193,98056,Spring,419749.99999999994,65699.99999999994
1432900310,47.4579,-122.17,98058,Spring,352000.0,48000.0
7227501190,47.496,-122.189,98056,Spring,287500.0,45000.0
8127700210,47.6419,-122.394,98199,Spring,690000.0,108000.0
4427100105,47.7272,-122.311,98125,Spring,457699.99999999994,71639.99999999994
6431500122,47.6931,-122.352,98103,Spring,572000.0,78000.0
8651400730,47.3607,-122.085,98042,Spring,210100.00000000003,28650.00000000003
1566100450,47.6978,-122.297,98115,Spring,555500.0,75750.0
6071400710,47.553,-122.174,98006,Spring,712800.0,97200.0
2130700860,47.7403,-121.984,98019,Spring,487500.0,112500.0
1450100070,47.2898,-122.221,98002,Spring,270400.0,62400.0
3649100320,47.7405,-122.241,98028,Spring,396000.0,72600.0
8651402750,47.3615,-122.087,98042,Spring,241945.00000000003,32992.50000000003
8651401270,47.3637,-122.083,98042,Spring,223300.00000000003,30450.00000000003
8651410090,47.3644,-122.082,98042,Spring,229900.00000000003,31350.00000000003
6046400755,47.6915,-122.345,98103,Spring,522500.00000000006,71250.00000000006
3343300644,47.5454,-122.192,98056,Spring,394449.99999999994,61739.99999999994
1337800855,47.6308,-122.312,98112,Spring,1062000.0,194700.0
